DKQ_Envoi mensuel COMBDK,,,,,
,,,,,
Fields which must be incuded in the view for this report,,,,,
Report fields,Sample data,View Column Name,Source Table,Source Table Fields Names,Status on view columns
Codes contôles choisis :, TOUS,control_code,LAFA fact,CODE_CONTROLE,Exists
Codes contôles actifs ?, TOUS,control_code_active,CODE_CONTROLE,code_controle.REMOVEFLAG -> OUI/NON,Exists
Codes produits choisis :,51BAUFELD;51MARPOBEL;51SEREP;51SONOL;51WOS;52REGROUP;52SHL;53TOTALF;52CUVEX4;52CUVEX3;52HYDROPAL;51CUVEX1;51CUVEX2,product_code,LAFA fact,PRODUCT,Exists
Codes produits actifs ?, TOUS,product_active,MLP_HEADER,mlp_header.REMOVEFLAG -> OUI/NON,Pending (MLP key)
Codes analyses choisis :,COMB-DK,analysis_code,LAFA fact,ANALYSIS,Exists
Noms de mesures choisis :, TOUS,component_name,LAFA fact,COMPONENT_NAME,Exists
Numéros d'échantillons choisis :, TOUS,sample_number,LAFA fact,ID_NUMERIC,Exists
Codes clients choisis :, TOUS,customer_code,LAFA fact,CUSTOMER_ID,Exists
Codes origine matière :, TOUS,material_origin,LAFA fact,LOCATION_ID,Exists
Tonnage :, TOUS,tonnage,LAFA fact,TONNAGE,Exists
Type d'échantillon :, TOUS,sample_type,LAFA fact,SAMPLE_TYPE,Exists
Conditionnement :, TOUS,packaging,LAFA fact,CONDITIONNEMENT,Exists
Numéros de lot :, TOUS,lot_number,LAFA fact,NUM_LOT,Exists
Numéros de BL :, TOUS,delivery_note,LAFA fact,REF_LIVRAISON,Exists
Date de début :,*,sampled_date,LAFA fact,SAMPLED_DATE (>=),Exists
Date de fin :,*,sampled_date,LAFA fact,SAMPLED_DATE (<=),Exists
Nb de jours :,40,(computed),-,date span,Report-side
Nb d'heures :,*,(computed),-,hours span,Report-side
N,1,(row number),-,ROW_NUMBER(),Generate
Date et heure,05/09/2012 00:00:00,sampled_date,LAFA fact,SAMPLED_DATE,Exists
Echantillon,51BAUFELD/D20250912-1348/0596,sample_reference,LAFA fact,ID_TEXT,Exists
Num Echantillon,230742,sample_number,LAFA fact,ID_NUMERIC,Exists
Type d'échantilon,,sample_type,LAFA fact,SAMPLE_TYPE,Exists
Origine,,material_origin,LAFA fact,LOCATION_ID,Exists
Destination,,destination_material,LAFA fact,DESTINATION_MATIERE,Exists
Commentaire,Baufeld n°195959 du 08/09/2025,comments,LAFA fact,COMMENTAIRES,Exists
PCS labo,10492,pcs_labo,LAFA fact,RESULT_VALUE where COMPONENT_NAME='PCS labo' (pivot),Exists (pivot - COMPONENT_NAME confirmed in VERSIONED_COMPONENT)
Viscosité dynamique à 50°C,"24,36",viscosite_50c,LAFA fact,RESULT_VALUE where COMPONENT_NAME='Viscosité dynamique à 50°C' (pivot),Exists (pivot - COMPONENT_NAME confirmed in VERSIONED_COMPONENT)
Code contrôle,,control_code,LAFA fact,CODE_CONTROLE,Exists
Code produit,51BAUFELD,product_code,LAFA fact,PRODUCT,Exists
